date,well,oil_rate,water_rate,gas_rate,pressure_bar,wellhead_pressure_bar,choke_pct,water_injection,water_cut
2008-09-01,F-12,1290.1873418959394,155.44042887037622,136376.42440367414,201.36005562815828,160.03835212095018,52.609434159508865,726.265791853226,0.10752451773112971
2008-10-01,F-12,1404.7274741731997,178.40953768095463,156907.03256928644,204.16090847440233,160.3381723620904,51.186816663362116,690.7960306021783,0.1126936811817716
2008-11-01,F-12,1422.7386177156982,164.74674935951674,160537.41812032615,200.40589184876563,159.94454129093643,52.567599108870965,754.6101029017889,0.10377843649862824
2008-12-01,F-12,1357.9480901699444,173.8947264960221,157946.79311233133,206.91202267988342,160.10963321930922,50.090023183608274,756.1104950827299,0.1135199542695258
2009-01-01,F-12,1374.9805950976022,186.10093313969992,155620.42812814156,203.3347044482415,160.18479382677265,52.09062607192572,856.0958086563219,0.1192128212226277
2009-02-01,F-12,1444.3756909356816,199.149545599054,173557.4899545814,200.62171777911144,160.16294628049155,53.33638401049312,770.2075523840027,0.12117218596469358
2009-03-01,F-12,1411.1638543163313,218.52283875243504,168941.17354364228,201.10483020225988,160.20367406892157,49.57876840198661,819.1834404823456,0.1340888648608572
2009-04-01,F-12,1345.7818180493546,193.0768244173847,159808.87287097663,200.4978864101309,159.808336645527,50.85822453185938,852.7882949765951,0.1254675504878661
2009-05-01,F-12,1248.6446463782245,218.9696668899033,150712.83412055072,203.9379756297037,160.0488259195315,49.992083738477504,813.727076849539,0.1492010979385279
2009-06-01,F-12,1279.7399837578391,213.20809582266787,162055.27886040419,200.3886770128479,159.94260870253552,51.52809147996702,883.5804889241128,0.1428101209538216
2009-07-01,F-12,1228.7016531208624,222.39694881701453,156684.22478132712,193.15259126022806,159.87182420609903,47.6235760186219,832.9439365467275,0.15326108682071185
2009-08-01,F-12,1195.2355596182822,221.6029780977982,149503.1782180901,198.5023658313155,159.8854786318005,50.305306623768764,861.6270255872943,0.1564066562270521
2009-09-01,F-12,1198.9252489946462,221.581338191626,155503.23565033794,197.21090607836896,160.19961553269184,47.40982652675484,860.9224713416979,0.15598754711200075
2009-10-01,F-12,1126.074176554124,191.16241886570424,140003.42352720854,193.24467082913225,159.70082595171957,49.423836696963356,876.919938230634,0.1451238293336188
2009-11-01,F-12,1178.9783924243216,244.1542398204657,157855.93964922059,190.75074117071617,159.71991469599703,50.233634695746666,866.4178155593763,0.17156112809763027
2009-12-01,F-12,1118.3098077778254,229.237150216336,150075.7805168427,189.8145531979567,160.07132068069967,48.84251297461382,865.3200766285995,0.17011440592582988
2010-01-01,F-12,1197.4389033245536,230.2103388570091,160562.00281435714,187.27213084297375,160.4805336673963,47.87836675527308,874.7033055171714,0.16125132984711932
2010-02-01,F-12,1252.661375856867,255.0884145118489,174023.654760897,187.9447950523464,160.10706131774486,48.40123398803821,871.0178527813893,0.16918484495326494
2010-03-01,F-12,1200.0140632172752,231.42284623590407,157505.72633703973,186.6380972770158,160.19054528404433,51.637899416936044,833.6354503811194,0.1616717053385954
2010-04-01,F-12,1201.0435636709472,251.9168515118765,176226.55254903433,184.84464887957608,160.8741587398022,48.08012681661697,808.7416713062357,0.1733817720561769
2010-05-01,F-12,1118.2293810979497,236.79326434452437,154506.12466894728,185.74880001589122,159.81637096028206,49.17269292541578,756.3649205441789,0.17475225609030395
2010-06-01,F-12,1075.2695730558748,225.24743614728172,144446.7569042143,192.1368171869491,159.854107627278,47.87557086234861,820.9242067825121,0.17319837768618934
2010-07-01,F-12,1068.0279715526633,241.21332745882358,147216.28767278133,193.81335360238927,159.71046497133028,47.86888938159402,803.377691062095,0.1842390151005367
2010-08-01,F-12,1017.4251494189298,231.2960930459413,151071.90963073712,194.26894591157236,160.11548528983175,46.33928093047675,751.538014439123,0.1852263621217672
2010-09-01,F-12,1017.8181392474953,230.19144230193055,143113.48701009474,185.87033594976486,159.61661872770412,47.28973584054967,737.70522443972,0.18444685498018681
2010-10-01,F-12,1047.6585710151426,233.8189959297561,160533.8190105451,190.75953671434274,160.06581475040915,47.76748931935936,746.3761287629668,0.18246046747988834
2010-11-01,F-12,1034.4154648277274,256.3463468631411,148447.74460822702,188.29843074530544,159.5895522402263,46.41373759856524,734.7123031038827,0.19860081429534487
2010-12-01,F-12,1121.7290814921266,256.93536036126306,163170.0521383115,189.6789628085047,159.73158189431325,50.35674977274449,692.7640845786713,0.18636540739083352
2011-01-01,F-12,1062.5008718531508,251.94668081955132,168305.7446422621,181.4587177989442,160.02717547207052,48.15482607397768,677.5372118169837,0.19167495904059562
2011-02-01,F-12,1000.2390277960908,234.8264775305098,149506.8307920979,174.85793631853377,159.89976296778977,47.9693286474709,654.9948006866903,0.1901328119988359
2011-03-01,F-12,1032.527251550528,253.0200241995792,164744.83476614728,176.66289585067673,160.16143463110117,48.34460453714186,639.3061575697371,0.19681891827116502
2011-04-01,F-12,1046.040615412634,267.15530101116457,164491.56249850214,179.95820342858016,159.67468357833,49.00087424363292,594.2693583279361,0.2034390281525574
2011-05-01,F-12,965.5622119608344,280.2160510962892,151149.19555679982,180.51748498710833,159.5609673994489,46.326359440052464,688.8546034770303,0.22493252563954896
2011-06-01,F-12,934.909492336068,247.3336103848061,139450.11227952506,180.01700628737797,159.95120022383654,44.777244425187334,625.8472876645578,0.209207065632762
2011-07-01,F-12,863.3462497599792,242.76534821659487,132804.9584183498,176.27906330469787,160.63877413360848,43.65313147744446,537.9633739822592,0.21947636084884115
2011-08-01,F-12,855.5956386234404,283.7300608224844,137443.58427542733,173.4870547190775,160.10246666528215,43.016393714933116,619.2815868656928,0.24903331941030346
2011-09-01,F-12,931.0918823036235,290.3742956364754,150941.88252314247,173.0655074123595,159.95985311064518,48.86191274260995,534.7859715870051,0.23772602212053673
2011-10-01,F-12,855.0952416219702,268.5346485306916,143469.45245770257,174.90561160861432,160.30381474534596,42.474027685108084,524.9046706093299,0.23898852360914602
2011-11-01,F-12,872.023467282256,279.89891203694054,146983.51699658242,176.16407008511248,159.97081402047596,45.34795653350257,528.9428322420277,0.24298417763388278
2011-12-01,F-12,893.0182459815054,285.92708099445434,155802.20997650863,179.65937734004595,160.07882476754415,49.042736344076104,535.9927258469836,0.24252785472916571
2012-01-01,F-12,867.4860271660682,301.68474954850734,145365.44153599828,167.24028717016253,160.07911516130696,45.629965109315734,552.6645592825955,0.25803309110774697
2012-02-01,F-12,906.0712221345211,315.0805274837488,162253.83631644511,171.5174419174494,159.23000246772062,44.58789047556259,516.8337615567141,0.2580191426513883
2012-03-01,F-12,837.6077620641477,297.6248097897465,146274.68334477383,172.40355665071047,160.51820506424926,43.834581469611706,533.3438384059644,0.26217078083278533
2012-04-01,F-12,830.646621452076,307.07080535736526,143460.54823886623,174.00286416704017,160.3900133784097,41.05383776511639,516.6030499720507,0.26990076632516696
2012-05-01,F-12,924.4078937485768,357.22693705038034,164780.76445415104,176.26226926369867,160.2483964530391,45.106172906973356,576.572274235816,0.2787275505205246
2012-06-01,F-12,796.052150923697,321.71954120013515,144588.01845848633,169.62579194346068,159.94280468274846,43.16099909224612,520.7395956013337,0.2878222301271998
2012-07-01,F-12,780.2690331276129,318.67620335635524,139344.44776364576,171.24063557418023,159.64839784222156,45.91593703429945,620.4237814222729,0.2899836978009452
2012-08-01,F-12,758.9345279174014,298.94055877494196,137101.3456603564,173.09559657327893,159.63503195518567,42.35016173894986,592.9380259116575,0.28258587666492746
2012-09-01,F-12,707.0381970807161,298.3376250479001,129855.93788095356,168.09203315042936,160.02161007196977,41.85771944520684,626.8079264467165,0.29674239073727615
2012-10-01,F-12,795.2030498640548,325.4234523793788,138979.85187087028,171.87644641144658,160.44278471441606,43.84708241879467,530.9264961462,0.29039421406498833
2012-11-01,F-12,806.3217998536592,353.3015854805881,150216.68391445093,168.37645941930887,160.07032026780962,43.56929364976819,601.8248398759679,0.3046692486101884
2012-12-01,F-12,786.6773329276417,336.4823761259075,151103.53015385824,161.61141956793645,159.68243917540647,43.1925687509796,635.7629232045417,0.2995855116717554
2013-01-01,F-12,786.9640232766421,331.9816457050582,151706.9619615446,169.01192535452032,160.0034278166682,42.21514278809459,635.4733326468735,0.29669147922720773
2013-02-01,F-12,862.1124463377847,387.1980162633712,162399.09616647367,166.01931281988632,159.39894331238006,44.93636060592531,712.0780679379175,0.30992937932913533
2013-03-01,F-12,747.3903112051139,348.1986828905235,137333.70688366098,160.69031756317744,159.51961661886435,45.31829653959828,705.6812747726262,0.31781871191390243
2013-04-01,F-12,715.8744427893776,323.824388676608,128220.57216136584,163.02469663577543,160.0163060756171,40.33479381283074,741.575199197537,0.3114597986226573
2013-05-01,F-12,758.2397734299861,344.03724126527703,148053.57963356984,162.31353124139144,160.15901941168045,40.7988161736542,768.1234776185252,0.3121150461078878
2013-06-01,F-12,703.1057462681226,329.8985469784516,139573.32648545317,159.2707440351628,159.92024836242538,40.146300291508695,770.8388541267908,0.3193583503333089
2013-07-01,F-12,664.3185626188141,290.3983066183621,121666.82963834907,162.02241315632452,159.79652066795344,41.13986433064148,713.0773751200061,0.3041721749929818
2013-08-01,F-12,721.6214388655612,347.67748869523643,142915.91767114247,157.31570522009082,160.40607576687083,42.68709504107081,808.1171799454058,0.3251452701709255
2013-09-01,F-12,649.0662409080044,287.01108345792215,128411.07808546422,154.5756086122233,160.24107550581357,41.18575913480114,797.3234846395086,0.30661044337585647
2013-10-01,F-12,691.7687867583094,314.0981850705904,138819.89435735004,151.88857961746714,159.45072825224574,44.26234732831417,846.6793523396276,0.3122661284916105
2013-11-01,F-12,659.2176617948483,302.39739075067683,135534.89650593788,153.80241536964584,159.94322669771907,42.49068022543676,827.6936075827246,0.3144682375241424
2013-12-01,F-12,639.6391217352934,305.03496670373335,134975.8807079777,156.40635687889468,159.90055354837082,41.11071209491404,903.6553851642589,0.32289968618465137
2014-01-01,F-12,732.9110879117877,363.33145781355296,160387.14003519225,155.675153229472,160.02081434053983,42.49585155582142,862.076964171468,0.33143345807031305
2014-02-01,F-12,677.1935758626831,340.584820588899,141859.90556716418,157.29387682765528,159.74998935821517,40.4003264296184,843.9528178916316,0.3346355373392928
2014-03-01,F-12,641.8501142118033,318.4280404611001,141880.11201678714,145.54332594117625,160.3317980109722,36.732158647878975,838.5588365691776,0.33159979627940744
2014-04-01,F-12,653.2724615051126,332.01721478095436,140025.1516504387,153.20945049391372,159.8982224548348,37.80038997813125,865.5909010750174,0.33697421456038595
2014-05-01,F-12,655.344431641484,375.40553186671326,144847.6955770223,147.21539964450432,160.02745605345197,41.67157712433251,879.7471329002664,0.3642062043727909
2014-06-01,F-12,638.3024619401092,331.50402695565595,132759.81271839782,150.20714519881793,160.19967557089402,40.51870682584097,870.7464473658271,0.34182492151925165
2014-07-01,F-12,609.3994205819631,337.56081199464563,134647.9898222114,150.90845883019,159.45057817473545,41.34702849212248,861.5948400677389,0.35646778014760727
2014-08-01,F-12,601.2615821520908,351.5319102692403,127332.61930665188,141.8514598651153,159.54924896318772,38.31851832331097,811.6391188762134,0.36894868937013137
2014-09-01,F-12,541.3289220129974,313.7847175085066,119642.69954124773,146.11077051347465,159.53171249410167,32.87395396018254,938.7211848648129,0.36695089752525895
2014-10-01,F-12,580.1331509460472,348.4283076065125,129865.00992328362,147.5808884724613,159.79348831533076,38.02766675851985,839.285271744666,0.37523451398644314
2014-11-01,F-12,614.757618780216,357.27887572988817,135070.249891422,152.1276995767798,160.42114641761998,40.23122287705381,794.2729510118261,0.36755705958339846
2014-12-01,F-12,609.8026481093972,377.51871555429847,134184.3746846498,150.73879230271066,159.7176633712225,37.36982248449763,817.4894917638055,0.3823666026565288
2015-01-01,F-12,568.1189019917223,365.1423401319188,131633.4657546021,146.42300455620375,159.28172190852985,37.17104406854288,740.670006359239,0.39125415655431633
2015-02-01,F-12,568.3654309915347,369.46209036072764,127200.85645353932,138.130900142823,159.95224453858597,36.30831951070884,747.7912656265731,0.3939552657059976
2015-03-01,F-12,586.1532162299847,394.7816184062153,135215.88805874123,139.77539421596435,160.0889254002426,38.11957593366973,783.5649947526667,0.40245447961140884
2015-04-01,F-12,565.5125324346895,371.8885034422825,124353.38886602435,142.19414370727102,159.73336080603073,41.59622463420957,727.4963990224163,0.39672294909976025
2015-05-01,F-12,572.4310179436944,384.5900105114257,134521.9752506414,142.88871878136416,159.95210550777338,37.20401911349257,719.6006894791843,0.4018616091772337
2015-06-01,F-12,532.841295962913,357.5675225837765,124284.40101489768,142.83188649771608,159.73009156405368,35.85282616378488,703.0311247282636,0.40157679836032206
2015-07-01,F-12,517.3512088385507,386.93864633148615,121808.86034188292,135.04022260207685,159.27702341026003,37.35764708683847,722.5934377282988,0.42789227825488396
2015-08-01,F-12,534.9035628286564,400.61498150188453,120973.8522931659,138.29757802313628,159.74876097877444,34.47854355695051,617.3282092211557,0.4282277288138264
2015-09-01,F-12,537.7897286545932,403.6864888469681,120610.32603932315,144.158413706607,159.61567923794624,37.07541419041863,591.7323803188485,0.42878033596881443
2015-10-01,F-12,462.5995056165783,352.602362291759,111538.69570023633,135.91716026753173,159.82673833379332,35.576606088926376,644.151617899266,0.43253380073388914
2015-11-01,F-12,520.2995307863188,406.37398874180076,126007.00279519295,134.73636627818604,159.49432080478456,38.78599231204812,575.1696583652698,0.4385298383714843
2015-12-01,F-12,510.98028289771014,379.18670058509775,119890.94330446482,132.53255700052222,159.61520960492183,37.13246860607142,589.3899471442468,0.425972550792119
2016-01-01,F-12,501.31217863916663,413.359380124786,121422.03939833862,136.19209395044084,160.08067403430357,37.29731857549731,544.4783891491916,0.4519211034432752
2016-02-01,F-12,522.7031584466972,410.1450155916577,123306.4606041499,136.18901809466158,159.27616590072114,34.44362501059288,533.9991958363389,0.4396696343587357
2016-03-01,F-12,511.09164479098956,385.10088494179394,124107.91459598993,142.70841101003143,159.94302284769333,38.730155988654865,527.9236613581495,0.42970776051505244
2016-04-01,F-12,495.15347593373673,381.88146446285685,129550.51881628462,135.00793011776418,160.0515880997311,33.09478449110497,551.3334606135363,0.435423318813468
2016-05-01,F-12,479.1390434617933,369.5978309904973,117405.38903848128,131.70216739433755,160.55434750388682,34.46621209886093,547.9135003652299,0.43546809631548916
2016-06-01,F-12,471.64067961545095,395.16288599477616,114590.84947386305,137.23048822687178,160.0532188343911,34.60579553170562,483.342403623929,0.4558851643816009
2016-07-01,F-12,445.2814330475038,368.44924470903135,110593.34755559654,129.47932314861768,159.97552366909446,37.19848052102802,460.88061772242884,0.45279016114379533
2016-08-01,F-12,387.54125633380505,317.765439421102,100147.17913654033,124.15149286918805,160.08171092658228,31.17541699165137,537.5314450531189,0.45053512370386595
2016-09-01,F-12,461.22657473530313,391.8540027652817,118628.3223515384,124.39109426129616,160.11631094237862,32.97225035192703,553.0012851237647,0.45933996518050263
2008-11-01,F-14,1194.8866053615836,227.7862100316639,129720.66015070047,207.85871553520278,159.8562690487264,51.66614413978287,873.3427593091068,0.16011145188621634
2008-12-01,F-14,1257.0844074063584,224.13852498849155,139104.5936264194,209.46402306670592,160.28561609594198,53.40090529040726,845.563711063727,0.1513199128142737
2009-01-01,F-14,1147.999630377574,187.84319437970666,126169.30573067011,200.5199478046478,159.93966860364435,47.12902584312878,842.4915472691397,0.14061773653186876
2009-02-01,F-14,1294.8946742250741,251.8985503540138,143966.99897178993,201.74940613287907,159.72682753482357,53.67179078400499,839.654996297484,0.16285211646344017
2009-03-01,F-14,1261.7005424401518,252.27453651382692,141707.0938423884,201.1034736976116,159.99637460476353,52.39430531074557,901.5574520844596,0.166630574056824
2009-04-01,F-14,1179.4898002492416,251.40631551014886,134272.806542964,196.81693481149455,159.971146318923,50.6691059397884,825.2725329610903,0.17569851000449818
2009-05-01,F-14,1244.1925382686666,247.41660011144353,149213.61540742894,192.3096831127246,160.23019517213837,53.165825531262605,826.2583023036842,0.16587227427430376
2009-06-01,F-14,1138.244656195658,244.05331829094297,136326.99650651417,195.56759295126912,160.08344311793638,48.44274455462913,890.4371120970561,0.17655622940602714
2009-07-01,F-14,1023.8674970503025,203.20437759568986,128587.76944815101,201.42786690218054,160.35631752797858,50.85860641074109,896.909549831563,0.1656010391846964
2009-08-01,F-14,1122.9599166625057,260.52744562738445,140780.95435557867,191.3899600606632,159.88848499102428,48.31440077822179,863.4886429735094,0.18831212537870268
2009-09-01,F-14,1121.6885922791973,237.67431217380388,147698.24588471724,197.13316644760977,160.34081460506664,48.38266415039632,838.6496499187092,0.17484242904910113
2009-10-01,F-14,1087.2194242889595,252.35078573581345,140110.43383315715,199.3053670874703,160.2220042708913,48.14652644599708,858.9597737658603,0.18838190327563845
2009-11-01,F-14,1043.66339927259,240.60493582100253,128447.37357615704,196.69927232362681,160.50454498579026,51.07531838467734,759.2841161782299,0.1873478690132683
2009-12-01,F-14,1091.1316299918385,271.4452052565132,142124.01970802093,199.4834870223214,159.6719585888614,53.07879834775361,814.6234952382059,0.1992146044424995
2010-01-01,F-14,1068.4733316299144,250.29785270070852,147511.20896973563,194.13126861396185,160.26826399855403,50.22806885129747,742.0808276072473,0.1897962707061679
2010-02-01,F-14,1026.0793661379544,241.38048076790744,135361.44854441998,193.9843763919698,159.77617052300425,49.27025569680032,769.9673164694995,0.19044428220520623
2010-03-01,F-14,1036.7141338162462,226.89132963705768,142964.13635384166,194.17462884920522,160.3177671216689,46.578082132283754,763.8864969241164,0.1795586804578915
2010-04-01,F-14,1069.1566595347604,246.43982280457723,146442.52171070935,191.71525166563353,160.38619933348153,50.943665472218115,699.7702836780686,0.1873217404521852
2010-05-01,F-14,1039.367225297427,252.92082744413003,141434.59295048713,190.33596766928667,159.8266317675767,50.91125293518108,665.2296247583957,0.19571551939025109
2010-06-01,F-14,974.3264223573575,248.73054456459005,135868.9410851796,188.22861881539825,160.08196120685562,49.03034184075431,665.4202154034441,0.20336791440759064
2010-07-01,F-14,870.6503380819574,210.0740707131248,115011.88677779352,187.5278395024738,160.008732983973,46.06501605668064,717.2059879139947,0.19438264649480796
2010-08-01,F-14,946.5205749950666,215.57779515667934,140148.5019891803,187.99424838520443,159.6616657705325,48.21898719124678,688.6403807356377,0.1855073552237487
2010-09-01,F-14,955.9299915475901,250.78932652665347,144201.9342886221,184.96446761208173,159.89921823248795,47.21081818791919,594.8610605401533,0.20782739015637736
2010-10-01,F-14,940.8466179188348,255.32550412886155,137393.14535644616,186.94381951749548,160.95365610381026,51.599853487677194,669.1949709575973,0.21345214407085195
2010-11-01,F-14,905.4457214219723,248.7637274044812,135775.53515840505,183.53757893640875,160.00932567633134,49.30558278555542,624.0535666804213,0.21552737040700248
2010-12-01,F-14,858.6260382237093,251.03163743086677,129139.46745206631,185.28166559343475,159.70539417405092,47.979465312938736,586.2848770311128,0.22622439599021896
2011-01-01,F-14,928.6746826377648,265.19633840786463,132784.451282132,184.22198090659043,159.87791687536824,44.35099378911389,563.032063959935,0.22213148131830637
2011-02-01,F-14,937.3561575127117,271.74907043118685,141347.41577359644,183.45706775709775,159.43241612400644,45.87912236668431,557.4142453771847,0.2247522086173593
2011-03-01,F-14,889.0411785659915,275.9014727372397,135949.43841411112,182.8487373686557,160.2842948829545,42.96303614726891,530.5275028342398,0.23683695710564498
2011-04-01,F-14,921.399124592035,299.8637813900854,139528.9398089892,177.98365726194513,159.2494900467521,44.47128780254545,491.7708313892117,0.2455358137230408
2011-05-01,F-14,856.0946668020463,278.53330763517266,131364.84687023598,178.38964183297918,160.31480188316303,43.10481372720909,504.83895273902306,0.2454842590791282
2011-06-01,F-14,854.1958346126016,273.12114423071034,134026.95527965942,177.4808604477904,159.95576725302456,44.97404341738469,537.6909095612018,0.24227537538816044
2011-07-01,F-14,808.464509842679,281.72795094957024,127925.48137211248,177.54095977309066,159.67712643990436,49.32193209109524,592.1263040968583,0.25842038087920444
2011-08-01,F-14,827.5680101635019,292.40876751967994,136520.065257641,180.302005324866,160.430890526969,44.455146757487306,541.013653413891,0.26108467009875475
2011-09-01,F-14,779.4030714200687,287.22822347584,125898.99329234578,182.87809221030133,159.82856523424098,46.83076384368334,459.8090336981549,0.26928538929084234
2011-10-01,F-14,784.9022165373624,306.147014172398,127785.43523862169,183.9134163243829,160.00180500413083,45.25892319358171,525.9762967930704,0.28059871686380283
2011-11-01,F-14,813.8247615435239,324.75982155135046,128830.13764885084,180.59808356127346,159.9736369772753,46.30116558574509,598.3951735787039,0.28523117770363254
2011-12-01,F-14,820.8652974914336,343.3514801830429,140695.40222323348,178.77010994698568,160.08680774708714,47.10439823161522,558.818088324053,0.2949205738718932
2012-01-01,F-14,692.9572791587701,291.18307493769754,109720.25008355686,176.10836705498085,160.1355305802823,44.32570124702357,461.9320584511584,0.29587555649522235
2012-02-01,F-14,787.0002985729858,351.04185065776534,141529.94279734016,170.05812486841512,159.9994240440471,45.80543512901682,554.5812166645411,0.308461203212068
2012-03-01,F-14,798.225431771624,331.71373930196376,135494.41052571085,179.03140810179508,159.59057750433954,45.49177392802674,599.6676131011192,0.29356778470366063
2012-04-01,F-14,766.6419045155437,337.8820579399115,131024.95855455496,169.96837832124854,160.06693660552185,43.97731600790015,645.5121852268273,0.30590740393605365
2012-05-01,F-14,753.7972814603186,351.56344783739513,124815.04132421617,168.28677037556406,160.13314381281492,45.541910398010636,595.367705314488,0.3180531373326059
2012-06-01,F-14,749.2238610774444,350.1008446814192,133187.74476123607,165.62196271869803,159.57871927057278,45.04830018701404,660.083880780946,0.31846900451468035
2012-07-01,F-14,756.6714328234723,360.17951988358556,140293.96318544052,169.1400094866173,160.39444236145178,44.602942732990336,655.377380129316,0.3224956015935442
2012-08-01,F-14,701.4206301832787,328.93432113768733,127554.5811765393,170.62740215854566,159.98221520619222,43.53467263605517,720.3924913288138,0.31924369433657523
2012-09-01,F-14,686.3549557802262,324.127542602431,125322.95259179748,167.13592880071755,159.88754756113073,42.1088457028858,737.1101165408169,0.32076512272228186
2012-10-01,F-14,678.3135531190765,340.84937806373836,116338.44906497,169.13224616891478,159.68648688712412,44.89921775094202,692.1877088499288,0.3344405174432288
2012-11-01,F-14,686.6094813422093,326.4635654139818,126237.08018854566,167.18260661530138,160.09481436119327,41.15790967864336,746.4926777382897,0.32225076608177633
2012-12-01,F-14,639.103661670615,306.1361890227408,117388.59596965445,168.37618386367518,159.99861010833268,43.83895876270667,701.5534841949126,0.3238714372846031
2013-01-01,F-14,715.2384551297955,343.7467424766903,130227.84258122752,169.57013584338088,159.999582204567,44.92364497394623,801.2770483297649,0.3246001391271808
2013-02-01,F-14,675.5064714556597,341.52702925336376,129686.30501812325,162.65491870108355,160.20956990361145,44.618131634605994,839.8985970365527,0.33580705946782347
2013-03-01,F-14,697.6887552708013,340.1068001705228,127346.68952999178,161.2107179995726,160.13125367458596,42.68105916694244,796.104565399822,0.32772042468990137
2013-04-01,F-14,628.9127108538395,343.83684931216294,124403.52332774269,162.35831300032302,160.04495272419618,39.80697491075793,844.3424260231891,0.35346903601116636
2013-05-01,F-14,695.6056100091957,349.8391912850017,130986.31688633423,162.70648326838506,160.33967037165377,42.93213165259592,868.051253031565,0.3346319106010398
2013-06-01,F-14,663.937802681397,344.63053843827856,127476.74076210494,161.27508705231145,159.94093429038884,40.63433215245554,825.2300733761487,0.341702713031506
2013-07-01,F-14,613.6031089954707,306.4929069996227,123702.27001581829,159.90315675295022,160.84276325836885,39.51313431479502,814.7488264155282,0.3331096990656431
2013-08-01,F-14,610.6364115714567,317.238051517904,119572.90051820707,164.92293453183194,160.03311871768366,40.38247664710666,884.6673741508322,0.34189759944643694
2013-09-01,F-14,581.7541881192983,315.0887021875345,112545.56287987305,154.19970311746653,160.00255168801695,40.552259067912715,825.2646551498334,0.3513309918526919
2013-10-01,F-14,630.1104990608598,353.09533872808487,126907.05833710424,158.94407325302222,160.29209905340323,42.77809174744659,856.9761246953327,0.35912656857503367
2013-11-01,F-14,614.4410220591537,342.26865885533454,118835.38781199335,161.46185000303524,160.2102169470579,43.485425811560546,899.6029703403461,0.35775603161888236
2013-12-01,F-14,609.7994859918574,348.3338316359642,121852.64785049588,153.9451168283491,159.65432534761698,38.10917972372909,919.5726663769582,0.36355465907226847
2014-01-01,F-14,586.8827075151552,345.01636995466947,120391.7480791059,156.2770274048184,159.7034118551696,40.15321184815911,869.9994064929833,0.370229328793215
2014-02-01,F-14,596.7351770357179,341.4181761229619,121056.07547531497,155.12450073331573,160.5314023726803,41.34799937470501,831.9198623965784,0.36392576434698753
2014-03-01,F-14,585.7294764112448,333.95783676051343,118121.07383693001,153.53171611266816,160.41451227801335,40.08182120551429,774.6376436954669,0.3631210651463498
2014-04-01,F-14,581.7600674577722,350.20603397906456,120687.7442814568,158.0886103140923,160.51563850091495,39.7621162356552,837.0277185961023,0.37577121468167424
2014-05-01,F-14,557.7708625385466,343.08402246231384,118176.33096524737,145.7933578616104,159.88472622613583,35.27207218099448,801.2888672626533,0.3808427174838333
2014-06-01,F-14,567.7867783162494,369.21769922225354,117469.77136416367,155.59815482136995,160.2093450517,41.76265959729803,810.0212312674774,0.39404048547578235
2014-07-01,F-14,510.0324748174293,302.50213239675446,104233.83792307218,151.21687289964345,159.89102180572937,39.765100304021146,837.5579629417595,0.37229445947403816
2014-08-01,F-14,562.1441590279092,360.67934831535644,126470.3341623135,145.13024661198668,159.8764751746946,38.84793629564932,732.1730808535958,0.3908432603258268
2014-09-01,F-14,490.7534840597332,330.795613729713,105228.33946293643,145.57737533222289,159.51993824528697,38.44326463088537,679.5781066384723,0.40264862394686995
2014-10-01,F-14,480.61149436046765,337.53015750546115,106694.54053245734,149.3394966816092,159.75993649101943,37.46578414292774,738.9180853533123,0.41255711249471155
2014-11-01,F-14,521.6307942494922,366.13201612399524,115793.53364500572,147.9757694230752,159.95770363076667,40.06872746508046,656.6308690209905,0.4124209888562027
2014-12-01,F-14,562.5668100286747,418.1352688281033,130718.51485156157,150.75900501535918,159.63160003575325,41.68587126511723,675.1445987121513,0.42636319208737794
2015-01-01,F-14,501.85170164346266,356.28308606142866,112298.04524864764,151.6236360136643,159.96928098801666,36.58252583791841,625.944899535271,0.4151831287650266
2015-02-01,F-14,549.8499565684804,404.5679995340095,123438.6809838252,143.26037958724964,160.26602771632142,36.947743395739124,617.4321805649146,0.4238897612384873
2015-03-01,F-14,483.4102913569477,341.71540425984114,102351.38903453767,144.2410065237571,159.32506486661453,37.10206409182512,599.4551535649947,0.4141373927331227
2015-04-01,F-14,503.41124533349074,412.35363174872333,116141.45257363308,148.7229027149336,159.72973090140863,35.50277965578435,604.040948023604,0.45028330095226365
2015-05-01,F-14,506.3929904633971,411.95371806613207,113003.90010145627,145.85577018202545,159.6631694703187,38.76070136081518,568.452753413448,0.44858190729050323
2015-06-01,F-14,468.63689714395076,370.78491920644365,108879.6809538118,142.80174270267995,160.18545721439958,35.15782136495089,584.1023110487241,0.44171465642688196
2015-07-01,F-14,467.419473418401,406.2896187112526,110828.88258133145,146.18811874431532,160.02039598781533,40.44914011704169,523.856498195384,0.4650170432825958
2015-08-01,F-14,460.7905315802557,365.51686983304864,111492.90445708684,134.58544976559952,159.760926703211,36.33435969620037,540.642925049376,0.442349746847086
2015-09-01,F-14,444.0238414925011,384.33834919751143,108836.80098025735,137.56722139097346,159.85533025638912,37.57587851447043,514.5593124518535,0.4639737949378927
2015-10-01,F-14,446.7252740636134,375.6305968267442,104365.30217776808,139.66675118902097,159.74918286554626,38.789911542430154,556.836012535814,0.45677377656470325
2015-11-01,F-14,468.9333157335299,424.3481195715251,109406.29091355979,140.79537870638262,160.11191569553026,37.92868052296227,544.3071791133327,0.47504414935771105
2015-12-01,F-14,444.460853096376,406.6933913973303,104843.16113685558,137.8209633189266,160.35808557155693,35.17661792333163,499.6352963791571,0.4778139732349505
2016-01-01,F-14,430.94904645060365,378.09588389153873,98885.63919333134,129.88356357368676,159.9930298867449,31.89586705857482,547.9668926766689,0.46733607703547847
2016-02-01,F-14,454.4900209427702,395.35999998773235,102321.58990860559,139.01132426819038,160.07729212627635,40.05739527528591,528.075096849851,0.4652114964412802
2016-03-01,F-14,430.8149609329739,368.6922247040451,104392.5981311184,129.85768006195283,159.37467935350347,37.56666779122791,503.1499340305792,0.4611493571634183
2016-04-01,F-14,424.84358262829386,350.913135285162,107255.34749787554,137.20454339500745,159.16660171578144,36.91752102729592,524.331344760093,0.45234946366820916
2016-05-01,F-14,426.23118803840873,375.8017091308168,106168.74288871155,129.6557604512715,160.55086775191901,34.813235174244035,570.1222653235834,0.46856146481922206
2016-06-01,F-14,400.0844548595822,377.39405031662346,96946.00677650928,134.29562141277566,159.99332566154524,34.91567668759792,501.3137697958026,0.48540769655244925
2016-07-01,F-14,368.4104015194801,340.38662746168484,91003.81120443872,132.99987374601514,160.22260867089383,32.01509373231824,600.0867625670959,0.48023145349658347
2016-08-01,F-14,382.05932577771,355.9577689403741,100627.75859230384,127.63120053959148,160.14056583355185,31.19816346738372,612.1243845468476,0.4823164280176285
2016-09-01,F-14,396.4101182898306,360.5092684333372,100806.83983819508,140.07419387640718,159.84198538241614,36.083195596499486,590.853999769901,0.4762848920993329
2009-03-01,F-11,510.66468944604605,47.471299974537374,55989.185141807255,213.08445547731526,159.92413556610464,49.93520596089031,875.1130582922035,0.08505328607069157
2009-04-01,F-11,500.14842768251924,61.20685315732417,55150.85616178327,199.6721150043787,159.84786841587152,52.93782432014658,865.9817509671176,0.10903407386807268
2009-05-01,F-11,446.4551896407689,51.55237168917934,51756.88029021805,202.52454609568971,159.88609404245724,50.81190047767665,828.641863464208,0.10351724690987976
2009-06-01,F-11,480.9537383874378,58.50131406045032,52582.26754863126,198.66266072634352,160.24873632131983,52.19975457207521,874.2335268190382,0.10844520557364064
2009-07-01,F-11,460.0890357940531,53.070859945422804,53659.841663777974,196.20838157274991,160.08736942505422,52.07487102400516,811.4859878966245,0.10341973405569117
2009-08-01,F-11,448.0206284225989,49.725037090305435,49892.37865508535,205.31165256559086,160.0282549174697,54.025662209557524,694.5250543509013,0.09990049243134251
2009-09-01,F-11,428.1166046008465,45.960213777982034,53234.18506026211,196.41124931552602,159.83723265396645,53.38923354618994,787.843684992267,0.09694676473561682
2009-10-01,F-11,426.79206117953055,53.19412761133121,52336.485988399865,192.884685943547,159.57705417131567,51.63544482743946,822.0307292051264,0.1108242879765626
2009-11-01,F-11,427.5504432231162,49.55613801634216,53280.462728575796,197.49370557871254,160.07677205503126,52.889359909241115,729.0606981447917,0.103868066308375
2009-12-01,F-11,470.1755347901371,55.89817658216051,55358.80422126071,197.8165834054179,160.3782811970689,51.64709655659116,733.6955076767168,0.10625540750999792
2010-01-01,F-11,456.6545795080448,62.00977258922693,57166.40978058913,194.0585119409274,159.9348321525344,52.89269375154461,772.3910242334704,0.11955665034329842
2010-02-01,F-11,419.8646677902664,54.66878324281218,54472.89344623603,197.6016277921149,160.27634522391844,49.551339772341045,722.1203467457512,0.11520533088614937
2010-03-01,F-11,423.43957242157217,51.51680983100375,51536.02806030604,198.11574856845687,160.07108458346377,51.110824874828495,644.6868959715537,0.10846640187605217
2010-04-01,F-11,439.97280128248724,53.57029667873155,55847.0769720237,193.16024837295507,160.10817750329704,49.447886827797326,530.4113199460603,0.1085422871883439
2010-05-01,F-11,441.01712673381223,62.23163677985405,60398.69317125308,198.9553870527337,159.9080303136139,46.65271538234928,610.0460792982793,0.12365979072726342
2010-06-01,F-11,392.8141120939651,55.46346652362224,54347.62169402243,191.97421326734764,159.96573703246665,48.06092444887667,614.7178618539841,0.12372572077921506
2010-07-01,F-11,417.0928068453882,62.80471480702063,54675.47128674018,192.65093230646596,159.74387223322378,53.6658448527413,643.1117926712604,0.13087109637650987
2010-08-01,F-11,366.09509951650574,50.689477498336814,47491.76894605639,194.98697262515154,159.46971336611819,49.79935715301423,566.9060678911299,0.12162032928711672
2010-09-01,F-11,373.6351388719024,50.02079391453064,50958.6270193855,194.65839294569062,160.62879962506764,48.912194538196026,551.7957709732129,0.11806938140943339
2010-10-01,F-11,370.5015704934457,62.41409672639537,51503.458773536666,188.5730801362827,160.09898306159718,45.598249841512015,601.1472048522958,0.14417148985901812
2010-11-01,F-11,379.45605524496557,58.9467880249982,53432.210424884164,186.3009525724448,159.81511207354237,49.88102330422579,563.1922267622066,0.13445804225475655
2010-12-01,F-11,358.80314934682065,62.12604173451549,51276.81069119946,186.1749766799074,159.6549743517543,48.09973554106671,488.50673920989146,0.14759261902202186
2011-01-01,F-11,396.0010704749593,70.32588700107206,57216.36400155145,183.41239341967557,159.93647985923667,49.38233871401769,501.95216883536153,0.1508081097899787
2011-02-01,F-11,378.0152096407084,81.50275740335627,54770.654219412245,179.3660998849621,160.16443851389266,48.76910212649263,518.5324268317959,0.17736576858493264
2011-03-01,F-11,366.6824280366189,74.1668038043859,55633.44670780871,179.02187136612437,159.90544768303442,49.39422212249454,461.7790884091116,0.16823620967799408
2011-04-01,F-11,353.27131593943903,72.61010467104764,51445.06238721125,180.76865902547448,160.32366371170892,43.5472287407572,427.51269360198796,0.17049371293766113
2011-05-01,F-11,371.6973595009221,83.23928720643086,55890.02379020576,183.83006077834943,160.29444392479243,49.63263173326611,454.3954514538955,0.18296896459953946
2011-06-01,F-11,324.0115116847618,75.93374892294452,47405.747548724445,190.65076705493343,160.4549105940176,44.719214443628225,503.4368965073037,0.18986035440841376
2011-07-01,F-11,353.6713835046486,82.208792983846,53372.05437127352,185.77956484691757,159.46577856773095,46.34637283859789,555.152174552703,0.18860411052902276
2011-08-01,F-11,317.8982235342838,70.9886985484252,47950.593351576535,183.96270972259828,159.89035912176573,45.074970877013776,572.9946879370361,0.18254329090893737
2011-09-01,F-11,325.67478874877486,84.86060695272047,50272.76072276387,179.0279427369138,159.88238806123877,43.742902460031665,547.9299090480212,0.20670716299069988
2011-10-01,F-11,314.27689097333354,77.62658349746805,47474.13241773075,177.5889412649048,160.04861786771886,46.59388010936228,548.8126560532255,0.1980757726179627
2011-11-01,F-11,327.53708510223515,86.44124606432663,51746.90686754237,174.08581303139508,159.5639202160205,47.58674140916906,607.4074522830847,0.20880620930264945
2011-12-01,F-11,321.5872221145411,79.08189022248808,53132.97893867132,178.96335212440366,159.95409223713813,43.421833311936595,660.8022280408064,0.19737456117148133
2012-01-01,F-11,300.41190245294155,78.16706652158064,49751.38590381152,175.59333076990356,159.70450152168266,46.86029547802139,640.5335197462416,0.2064749310647554
2012-02-01,F-11,313.5958973850138,89.51807878567075,51563.5428744754,172.39522760978977,160.13576152569388,44.662113372279244,616.0585317502977,0.22206642308965105
2012-03-01,F-11,324.3301370133945,90.60527517953382,55001.71209376937,177.32860037263012,160.3793619428014,46.04019347471629,740.4376896703715,0.21835994836084513
2012-04-01,F-11,312.9071206142476,95.75657923258436,51460.38434989856,174.5939565017746,159.88485972228767,42.36824545969552,754.1199877958627,0.23431633215397926
2012-05-01,F-11,303.797933039279,92.70734949615745,51549.874397175365,174.02360363579183,160.87427339452464,45.607512732614595,725.6907453770568,0.23381113336837325
2012-06-01,F-11,293.8979678376885,93.07942351895736,50667.54913876018,175.23465985109203,160.35265197295263,41.29037990409939,721.4758019971787,0.24052935803986944
2012-07-01,F-11,298.0410454766164,99.88392050954202,52312.891085409705,177.28251155154408,159.63403727654753,45.04849726633718,685.6165846366179,0.2510119470941073
2012-08-01,F-11,292.2360103308619,93.69579572752428,47478.86277318808,173.02481551479076,160.2921457215152,42.81539384390774,786.3662034378214,0.24277811327462706
2012-09-01,F-11,256.2868977949258,83.874444475396,45221.00422729223,170.99449791453773,159.5523682493581,44.30677600335186,753.5426489097465,0.24657253500823167
2012-10-01,F-11,271.470589526751,87.12163507870552,46667.30562504091,170.51035602349327,160.3818648306264,44.21642985672023,862.043967289814,0.24295461279050787
2012-11-01,F-11,284.0299999630054,86.60156261990453,47373.32456771649,168.77144496199955,160.22553893975063,44.99538654616466,827.7661074031505,0.23365943800464062
2012-12-01,F-11,300.4238288325822,98.59977878323593,55251.28986325474,177.69519372150668,159.79113638452603,43.99933764083469,810.1622172692364,0.24710261974817357
2013-01-01,F-11,281.4115926372085,90.89868171392179,47982.48638406898,168.54156311364034,160.04053703556042,44.003307888916645,869.516891697327,0.24414765848818382
2013-02-01,F-11,286.7035466052536,100.49539508889013,50656.541572430484,166.93230036512355,159.91581986594858,44.268692955331005,811.851729964238,0.2595446016695817
2013-03-01,F-11,266.25098933464693,95.15890454974574,49388.37811909857,163.41106455277733,159.83850513914152,40.198661194436326,855.4021438431677,0.2632991131675688
2013-04-01,F-11,260.5941628573809,87.51704642837959,45843.449437429445,165.6988186856863,159.84043675181718,43.509173698021335,908.9153685782435,0.2514054247432689
2013-05-01,F-11,247.5109834445587,94.84860432850226,46070.79399819674,166.84915752373539,159.6616140929483,40.334460483010766,863.661503858889,0.2770438092458924
2013-06-01,F-11,275.79156095512485,98.23996069125002,50744.66339475094,165.10208656873843,160.07794235704165,41.6590563199191,797.7367850464547,0.2626515547642271
2013-07-01,F-11,262.3271805405113,85.33918124227745,49153.29540084626,163.2529936876194,159.69619484458354,44.515004234984545,855.5740839670651,0.24546286504299414
2013-08-01,F-11,234.89921126760095,87.69785505299654,45921.68861425376,160.97765263208186,159.58069415106448,42.531632845606715,851.6483531279151,0.2718495120034423
2013-09-01,F-11,233.36039238525322,86.94808717966794,43879.677650335485,168.9445485033261,160.02198259437571,40.766315184658396,901.4368610462885,0.2714510939509643
2013-10-01,F-11,228.44772931042485,85.71501864487175,43305.15370902697,161.11590109606956,160.27438721619606,41.98606631409741,850.8234743112487,0.2728363537775919
2013-11-01,F-11,232.3605600328501,90.26684167175507,47093.82276563105,159.96420800256257,160.15197494625707,38.98762983063356,810.6925170773927,0.27978665542613335
2013-12-01,F-11,240.3882176140505,92.92574026566103,46314.994590711765,162.19666285926533,160.26785674489687,38.919993942230654,798.2826523520752,0.27879342604427226
2014-01-01,F-11,249.17702896047672,98.75984685530837,50034.19396598703,156.8747548277372,160.51298318620363,39.807858727075875,786.2301578403095,0.2838441502463702
2014-02-01,F-11,244.07677522684276,96.90198133803482,47559.244134705485,154.6272610932334,159.68285353775852,45.70544583421877,793.9354719473808,0.2841877374246257
2014-03-01,F-11,230.1003985884867,101.10010867804735,49895.90349800872,157.00150707079854,159.8645846647107,38.8977312721361,731.7533045562519,0.30525348379580497
2014-04-01,F-11,239.397965473852,109.1182132536413,46293.18818613527,152.1665111931779,160.0632000633174,40.958819678084616,814.0944147412774,0.3130936809075983
2014-05-01,F-11,209.50676817424772,94.33271489058879,41273.88469097948,161.03816128663314,160.20632833947997,38.39122415026529,762.6563973474854,0.31046891582045993
2014-06-01,F-11,238.33901672679266,111.10562433212323,46320.37736707051,158.99571514788846,159.99762864538803,42.8731322020637,657.4260139108177,0.31794914351939074
2014-07-01,F-11,216.76033195111282,101.34803892228233,44454.27372031256,153.28065728636977,159.83095857237248,40.81435146328358,627.6365728237288,0.31859595094596904
2014-08-01,F-11,208.55415336428962,100.2251938005046,43400.68270976792,153.3880642883085,159.42372522223144,39.193920936501314,686.6822194817233,0.3245851599880961
2014-09-01,F-11,196.54712720573716,101.44726350618788,38656.14605945521,152.71876837978218,160.08214115359706,40.84729407375476,651.7258487355807,0.34043346676366887
2014-10-01,F-11,214.82417979373108,112.3850492801617,45884.451455213726,152.53607104655163,159.92175146247862,39.6982919570941,614.6391873040376,0.3434654016277215
2014-11-01,F-11,195.61666609361612,104.72989477204176,42321.309528901154,153.82648141669944,160.25815891238844,35.31042546843991,654.3633593179661,0.3486968336517308
2014-12-01,F-11,214.1366877805652,117.60376977065667,44194.0040668796,147.28748247943898,160.12438488550802,42.462738587316174,586.2701500475209,0.35450535831162
2015-01-01,F-11,223.24862871093995,120.91846650897602,46716.219138347325,149.85544029458495,159.82380377117087,40.31570793566593,585.3651522829824,0.35133651121328585
2015-02-01,F-11,195.94167642945672,104.34938124449914,42481.70959833049,151.81761219756913,159.66450825483804,38.99363427140823,510.4802282004306,0.3474941346998004
2015-03-01,F-11,205.9750481279569,117.71785209249354,45802.7724054244,150.32782845585984,160.1425384202044,38.03391141583001,528.7310361599269,0.36367140586748126
2015-04-01,F-11,193.18880851529278,112.92530393976966,43239.593614661535,146.6164265975269,159.67461681326913,37.23242281983422,576.7613632007356,0.36889937230955694
2015-05-01,F-11,204.06584064284144,120.0984116079302,46012.716184893405,150.0107661995394,159.88876654916137,41.260618200154724,541.9189428144282,0.3704862913601675
2015-06-01,F-11,187.68207057694144,109.07565113379894,40427.391703262554,148.6718934861035,159.45148140656755,38.72001037783009,505.70574985374367,0.3675579206667404
2015-07-01,F-11,197.07662748281285,111.97859826213767,46026.006484054735,151.17103662624248,159.8629570057784,39.52783006263064,571.4022439184334,0.36232552933613427
2015-08-01,F-11,184.4967244521705,108.11115470485149,39658.15048924165,137.005912994326,160.1628574673433,38.08434592221728,529.3467413613057,0.36947451659986186
2015-09-01,F-11,181.71476161707918,103.60517830404048,40537.24049653275,140.48611209932886,159.53469417629557,39.74375498808815,481.2521773812939,0.3631193050604295
2015-10-01,F-11,187.48853122142654,113.9524009022234,43620.15985181655,140.87205780447303,159.96099218155047,38.420068997908395,486.79715630315246,0.37802563871943096
2015-11-01,F-11,177.91015953950503,111.67209993085562,41462.77886685302,137.57746523683534,159.76586996360666,38.56552009853135,531.5328950182945,0.38563170318202966
2015-12-01,F-11,163.15258594696783,106.8706586991,37076.22087908343,142.79187531021577,160.30760441027732,38.16625332520316,436.3377444105964,0.39578318095977405
2016-01-01,F-11,167.8551605621448,110.17750633012834,40444.527553514796,134.92242161440245,159.9834693702873,36.325317035463634,510.70419679334077,0.39627540015942747
2016-02-01,F-11,182.56015905890072,120.08121388952237,40616.81932042224,137.20687274317606,159.8789223644442,34.38837840140123,526.0584449564129,0.3967772572522228
2016-03-01,F-11,178.57308478670623,121.2444194581121,40676.340702537775,143.02078249398835,159.7968177447972,34.87212285737852,528.0363364082891,0.4043940655283056
2016-04-01,F-11,161.13799536273834,100.30770243313593,37840.742868332076,133.2260361405159,159.45914314107463,34.80853507684777,594.8747070628357,0.38366553084936184
2016-05-01,F-11,170.89799876609817,119.50244867014315,41148.46581403472,133.72505296312573,159.46708051109732,34.72675287029891,578.2630782700477,0.4115091754339684
2016-06-01,F-11,159.4303404656684,108.54026995857043,38020.89540436666,136.8541752212224,159.82418450800733,34.73642691547769,591.9336237061402,0.40504542564102247
2016-07-01,F-11,159.02732153847927,105.28358566204352,39048.64685241666,133.07861329060046,160.07151651245124,36.19229634956465,637.7056867307809,0.3983323532773046
2016-08-01,F-11,156.87390468388085,105.07822024266171,38327.006717554366,133.0074273181672,160.50897600489125,35.49970571661208,695.8370733406587,0.4011352084741747
2016-09-01,F-11,161.81026195388955,111.45911966137785,40237.83838401627,136.4022335541674,160.05118752356194,32.80949976739359,622.9199736073934,0.4078726969064532
2010-07-01,F-1C,254.51691252088625,12.1061891670186,28163.48186696383,205.10866520170995,159.76983487944082,50.87910106239385,716.5794029116586,0.04540562723326757
2010-08-01,F-1C,250.74362849406666,15.394517098162074,28774.591262641195,199.432850911617,160.0263602911242,50.20071493494822,717.7736090538343,0.05784408343232853
2010-09-01,F-1C,269.3704942647607,14.485958376983186,30040.8914058213,204.45083687611066,159.80023668666388,52.410579027366694,679.5331699009591,0.05103269008742937
2010-10-01,F-1C,247.54676394054195,17.510889551977588,27407.561643544963,203.48860886557904,160.35663523430617,52.31387864758468,613.1260018917179,0.06606445549202669
2010-11-01,F-1C,247.99103420315166,17.052398608708437,30155.338241005793,197.37492438341843,160.0477893351489,52.51048872019436,703.8966007516441,0.06433812914282999
2010-12-01,F-1C,247.83453731597524,17.219880947108873,28440.101203530903,198.70948347482653,160.03897895624982,51.02227327484327,642.9059083093607,0.06496734164988337
2011-01-01,F-1C,225.69212207813672,16.479852118798522,27038.25362517885,195.54707670852338,159.85657508267386,50.75212042984465,552.3128275327316,0.0680502034698575
2011-02-01,F-1C,254.92303293439687,17.13731657448988,31422.13354308813,197.68080103524412,159.86123328510263,53.32148979144633,609.5495889840678,0.0629908643630927
2011-03-01,F-1C,256.569552573494,21.158290633132715,33094.42703690625,195.20172888803287,159.7709682048068,52.52945473819599,582.4694369143161,0.07618354137215966
2011-04-01,F-1C,239.22869598811727,19.679581192810502,28550.131620605054,194.39320152136222,160.23006018799873,47.5913250428196,581.154428495875,0.0760098572633049
2011-05-01,F-1C,239.529405363538,20.376379752762116,29494.110472454835,201.14941046508164,159.45693600367395,47.71951583826497,646.2893228742305,0.07839910044189394
2011-06-01,F-1C,230.50887772371627,23.674971213380438,29493.670806409405,192.46165652610645,159.90729329044112,48.7767652438232,485.61644217874726,0.09314113116305561
2011-07-01,F-1C,222.97120960981138,21.435175763556877,28244.641412478933,198.8824297834571,159.57792575031945,49.45576365304605,527.6329163662699,0.08770301042180775
2011-08-01,F-1C,212.13616857660068,17.87797548085465,27519.20620488658,193.78473868507663,159.3531975981822,45.65928626951626,525.3722393262267,0.07772554837492474
2011-09-01,F-1C,213.68509355739823,19.506987065931224,28860.84383898355,195.31933191007275,160.23312188769728,47.5978136516091,534.0625776162129,0.08365201345512446
2011-10-01,F-1C,214.40237199627904,24.246849836446522,28949.433417744385,191.47570371103097,160.03956214393634,49.056793244589514,498.11184407442477,0.10160037250589347
2011-11-01,F-1C,210.2316068565511,26.038135697653132,26652.715116726264,192.63839761620753,160.46304785680437,50.69817129562986,549.7093306160228,0.11020512155372392
2011-12-01,F-1C,212.50899945910004,27.562519315666798,28358.42605066801,185.52633564228648,160.4202645580939,49.39326270440878,501.68724564627536,0.11480961780195897
2012-01-01,F-1C,215.96831591597447,28.74952486705029,30408.802230872854,187.9272024675706,160.05957358620446,46.59864952653423,541.0468112661331,0.11748029802428914
2012-02-01,F-1C,219.1213021921518,30.17290168553868,31070.303401337114,189.00720975529933,160.16654370458346,49.485270273496255,545.1660129573481,0.12103330609460221
2012-03-01,F-1C,215.67798500890245,30.930806164629715,32196.526536700647,186.32822332375358,159.84286816643763,48.42026152120078,556.0696228914097,0.1254245885454445
2012-04-01,F-1C,210.25501310823927,37.158086710514205,30048.845217407747,192.09348444959187,159.76035827653212,48.989684129968715,570.5937953843608,0.15018641590819148
2012-05-01,F-1C,214.13125585836985,34.746181209633455,30537.47823799974,188.44484842629248,159.9003494410483,47.2613584694807,611.5984617643671,0.13961161613914969
2012-06-01,F-1C,201.2133047017269,31.97949730036542,29901.811713722338,188.14711445614088,159.89068681213203,53.18565673064364,573.7390428923708,0.1371375832607324
2012-07-01,F-1C,187.15003074175613,30.769401736029597,27512.40736438871,185.7647148482272,160.18028778540997,47.85171331544713,642.2794723366942,0.14119622736795706
2012-08-01,F-1C,186.24570383139056,32.16017434416237,26702.769982747806,182.34761010011007,160.3903475045956,48.07533156664703,659.8907262061698,0.14724958235012464
2012-09-01,F-1C,176.89128978529493,39.004635206790184,25786.816854435623,186.49187791001637,159.81514747474765,48.49038859882403,700.2326973681369,0.18066406398462648
2012-10-01,F-1C,183.9761154258656,33.219219170544875,27742.131961805346,179.82257225419465,160.1443085994291,45.34120812005323,666.4218900252084,0.1529462832720251
2012-11-01,F-1C,188.18045655373885,42.43163799588344,27020.548183426992,184.89834055099064,159.69928727627013,47.871582844412714,685.1647524459602,0.18399571834578327
2012-12-01,F-1C,194.0195837594949,38.942728225933045,30285.25665183587,182.06820029169418,160.2178295084339,43.19442181112986,714.6341188229306,0.16716321148276103
2013-01-01,F-1C,171.85385476783566,36.69875465856963,26509.054287234525,177.70422491319565,160.00422162486205,44.62655938961887,741.2721268916094,0.17596881074518514
2013-02-01,F-1C,186.49151010843082,39.97145709657901,29738.271731527235,177.54806853283043,160.32425686148525,45.87168661027841,741.6229729433419,0.17650328258921955
2013-03-01,F-1C,181.87284395558535,41.43041045558903,29417.28960401145,178.07011998026292,160.2938756023468,45.544637886278835,793.6357360056761,0.18553428862842314
2013-04-01,F-1C,187.25347114135354,42.08049845266461,29784.229491059697,185.08449278337565,159.80522112411697,48.529984840968275,766.6531777606247,0.1834900365050944
2013-05-01,F-1C,169.55068865212854,38.85724098844305,26398.127858578824,178.40446019662514,160.07028950811306,42.79478975123806,786.8437286198151,0.1864479967506887
2013-06-01,F-1C,176.69626298467014,41.50281812003355,27790.730667999353,179.30127197833647,159.6139277678391,45.88103538763079,905.9778619083818,0.19020620027321866
2013-07-01,F-1C,170.8782475899213,39.991034482630795,27267.32472725848,173.261318374614,159.90850803438607,48.564153075613746,806.4270386183917,0.18964845941321792
2013-08-01,F-1C,169.19541893125384,42.14094957738985,27487.220554220235,172.86622291665887,159.52534989516192,47.67052419368488,806.1431231929186,0.19940226036232983
2013-09-01,F-1C,158.72200089608668,36.12037772854817,27054.42044020211,174.6894379617873,159.28561979796342,43.53580462182513,905.4920205372363,0.18538255375199622
2013-10-01,F-1C,167.83692943423745,41.27328278165204,28755.81792543205,169.96203901370455,159.286812852481,46.91192551862934,883.5597473304746,0.19737573954083457
2013-11-01,F-1C,162.56974139046673,40.90584831425075,28153.56366509233,173.77803691235317,159.93571751723366,43.08807326475715,870.2169035860833,0.20103565431909087
2013-12-01,F-1C,159.71966299824396,37.5444816316028,28146.99241539166,170.9198471142922,160.03806009288874,40.784259584877454,894.1741227896182,0.19032592923591135
2014-01-01,F-1C,143.03831588869437,35.02735433445175,25674.517143220735,167.23442515898233,160.0040066774631,38.162652450811215,945.7709992403218,0.19671031642739786
2014-02-01,F-1C,168.58790296853616,43.79560958736177,31447.968761941076,171.870792734931,160.29130190078774,46.313371737669044,893.4221509117838,0.2062100257233247
2014-03-01,F-1C,154.783651422358,42.42752295107282,28192.008812966294,171.73648436576227,160.27832271986537,40.77416051557518,913.0214986731772,0.2151375198990187
2014-04-01,F-1C,160.88235329849837,41.6824606975538,27796.549740720686,166.7418659286059,159.17119734829788,48.893152601523305,848.2264490823819,0.2057734503602692
2014-05-01,F-1C,153.44507611886314,44.96165475653311,28529.49478549601,169.87933774009272,160.07842612381899,42.69802062818685,839.6370273208493,0.2266135556901545
2014-06-01,F-1C,154.31106514106352,42.239601837301215,28162.616611717116,168.7576329131001,159.9135143625618,45.033512771737236,893.2432542158833,0.21490439328781685
2014-07-01,F-1C,153.74357217038352,43.7067901513888,28938.5042397587,174.82035186169188,160.0035149253158,44.00996463784936,822.727584644,0.22135583666421751
2014-08-01,F-1C,137.63200146981183,41.98804638528187,26016.81913567397,168.00216280845925,159.72936665854567,38.246501170402865,739.0953904885919,0.23376035630029016
2014-09-01,F-1C,136.51867704866453,39.0474954599609,27360.97954785618,166.3000462308733,160.25035766421072,39.721542206035075,798.5395644236332,0.2224089920171981
2014-10-01,F-1C,130.71462849646622,38.8971794108048,24244.759731858514,167.56089753248327,160.24352071299896,44.7448562124111,833.6443971383419,0.22933061023717402
2014-11-01,F-1C,139.85099908200488,46.0775142322092,26814.680212381925,163.18354052852348,160.18648039393628,40.51953678677191,738.0707016055328,0.24782381900908046
2014-12-01,F-1C,139.914919995232,40.24126395109236,26777.241272439056,163.71198086974974,160.36277937052762,42.20394091994708,701.0130250658051,0.22336876297891511
2015-01-01,F-1C,146.34809578769,47.10323984452642,30086.347283683393,167.7092315215894,160.44402976111417,45.23438963353366,686.5293739663085,0.24348883242697075
2015-02-01,F-1C,136.615925156745,47.56407093319042,26123.40070054665,160.05068192286018,159.96556661529942,44.143790901683275,669.2112901916047,0.2582477573186873
2015-03-01,F-1C,138.69076768920678,49.0261859468574,26936.998051129074,159.43823089754667,159.97398858974736,44.9221691474448,595.4676245472765,0.2611707946310849
2015-04-01,F-1C,139.69158575400144,48.78278867549867,26807.013127888877,162.63956643734159,159.51735798721901,41.00221555388123,606.1095944564369,0.25882982141822225
2015-05-01,F-1C,138.5313205863809,46.905018783372114,25929.25393415078,163.0239181333079,160.09263978305444,42.70603608007952,638.3209077217708,0.25294405046383756
2015-06-01,F-1C,124.3371132399136,46.68684489176008,25117.97827665213,154.22735236976771,159.86617918646235,39.40727632039932,604.7395979160266,0.27298423800842714
2015-07-01,F-1C,120.29777004496194,45.18937040865593,24267.906291855837,158.4906084753716,159.8936237358246,42.96188756127657,577.8064696623261,0.27306877310700434
2015-08-01,F-1C,110.82672665251428,47.08873089046154,21367.58894049558,154.82520328411613,160.33299089293172,36.07039333812348,553.4591793014338,0.29818949723554833
2015-09-01,F-1C,112.62482136274193,47.33235246520841,21590.858949172885,153.28646799645887,159.9157799797448,43.34158928549603,547.2685873638325,0.29590640627421316
2015-10-01,F-1C,131.23400922769702,57.601875898528235,26375.702786609032,153.58856549908242,159.99494898287998,43.54714595087564,559.5755934920455,0.3050367034847476
2015-11-01,F-1C,122.81902287438608,50.82644664744032,25122.57425191689,148.97962628768556,159.71259651978963,43.90475383762066,580.213761387343,0.2927024055819186
2015-12-01,F-1C,118.90596010571365,51.995549463787526,25099.116468105094,154.49448655141106,159.7085143680961,38.1137413876677,569.7682202871721,0.3042427746528611
2016-01-01,F-1C,120.66558264846164,53.33624919306496,25807.7299530827,155.58844005942163,160.24573125067363,41.37260883612769,618.7081260271095,0.306526940714287
2016-02-01,F-1C,118.06530409423539,52.26088180771986,24929.39026464718,150.50337279364695,160.29878160544666,38.636328088866016,541.6091371715322,0.30682822803184684
2016-03-01,F-1C,112.81958143387219,49.91398787615319,23808.196541118486,144.71181865393987,159.6433359539207,38.32263028304133,453.2569841777481,0.30672213537614695
2016-04-01,F-1C,119.19832146009472,58.87701669718067,25465.931017333816,147.64456661679966,159.86169211582575,37.939596172075596,504.8801194936398,0.33062981829174315
2016-05-01,F-1C,114.71785522688126,52.90751318737901,23163.073097560504,150.720692384736,160.06351413525118,38.297942626521234,543.1182651578108,0.315629511737306
2016-06-01,F-1C,113.92368620260677,53.23838615420887,24643.227860362244,147.78704248901073,159.96991069976698,40.50198500000224,591.1643187828141,0.3184836452647519
2016-07-01,F-1C,108.41530815247714,55.5675534824367,24215.362483897352,148.3618628137943,159.78946991611997,38.568344028124656,564.3354674461709,0.33886195745352043
2016-08-01,F-1C,106.37850358644693,56.70093853816031,21819.403203311766,144.51372781855625,159.83557812002655,40.14217784590421,582.4296702941708,0.34768906368244584
2016-09-01,F-1C,108.02334769652924,55.66355633659606,24754.255049306597,148.31016984972868,160.2758271029941,40.887295785347945,564.7645401277853,0.3400611470135169
2011-07-01,F-15D,169.18586053154462,4.956322217540922,19563.35579997644,206.2557862936719,160.0648614028968,55.043400905473916,595.4596298968614,0.02846135347161858
2011-08-01,F-15D,175.09269206224735,6.09347156408845,19852.96552625371,204.62679299362946,159.48655805208085,53.42303970804235,530.2607230196204,0.033630998317593114
2011-09-01,F-15D,173.15701039850038,3.905912013767712,19977.104735433604,209.62543416084569,159.97899614235615,51.19606823948287,532.4233125310037,0.022059457511230396
2011-10-01,F-15D,163.6066019868316,8.390166229096424,18876.04822795817,206.3953501663176,160.04365444160067,50.703023528520326,512.553546387652,0.048780952782573495
2011-11-01,F-15D,164.59942107593386,5.123540902922483,19465.44154705605,205.46056177596856,160.14407234575353,50.9092015035737,494.91207859040003,0.03018767079707671
2011-12-01,F-15D,159.94579432945594,7.814237992973603,18624.128204311695,199.89864255672208,160.60619190963274,51.89389616428741,548.987518754437,0.04657985507510443
2012-01-01,F-15D,156.60461760320158,8.298311322033857,17480.203067847102,201.9634951891284,160.11671127713012,47.421765837278066,461.23569573842354,0.05032240103992446
2012-02-01,F-15D,169.2685800281568,12.202532882632937,20632.84770403444,192.06071756831832,160.01381744157314,49.944920453302124,550.5067186127436,0.06724228824579721
2012-03-01,F-15D,166.7968733580316,9.295660619893697,20621.69702866495,204.54200442411812,159.45711490932484,53.18663493925908,564.1264603544263,0.05278849937532835
2012-04-01,F-15D,162.251160206235,13.58346063444557,20002.480818104246,205.80283620954526,160.1143814170243,51.28232159302663,552.8032274097183,0.07725134316269383
2012-05-01,F-15D,147.6109901638038,13.124172194777309,18991.87957413042,193.69386418896437,159.9739120073182,48.53124882586549,582.7662645895383,0.08165090949731854
2012-06-01,F-15D,159.0952597877352,13.25557850391801,20321.760400393247,197.87154552549705,160.18725528174085,50.65579784713281,583.7962270251004,0.07691043823927816
2012-07-01,F-15D,137.32875986806675,13.166984407340616,17149.18610263792,203.0357993506086,160.3713651063756,48.128957363126744,577.6752631007416,0.08749074248402015
2012-08-01,F-15D,149.37086577743048,13.564725709639923,19302.19166958287,187.97596668443003,160.06141200580615,50.18254335910403,612.1403055583672,0.08325207271068419
2012-09-01,F-15D,146.28296191673877,14.800964177789512,18410.934497750357,190.72667330152956,159.49958962003328,51.779948856019715,557.3707824814718,0.09188355745131216
2012-10-01,F-15D,137.25818461541093,12.627284974066123,18192.30215643211,190.97718713120372,160.27911335728686,50.888783400973274,595.6373590291995,0.08424622485856122
2012-11-01,F-15D,145.96987499806428,16.109577078507943,19698.526277972687,198.08213058919156,159.83439258129653,47.51215979073401,604.480312472371,0.09939308698364302
2012-12-01,F-15D,140.22714282668522,16.236063341779776,19062.99633138972,196.23678421544238,159.70412796684502,48.563655708891375,699.1797914545629,0.10376921027873029
2013-01-01,F-15D,139.13391392506057,19.95077559228565,18953.476129247854,190.7133596488157,160.1992876906167,48.57583044227017,708.5607413472036,0.12540977797935898
2013-02-01,F-15D,135.28384260574506,17.271109343041395,19568.905510665318,191.9486731115053,159.953073556257,47.33010222603373,686.8094563525061,0.1132123809972383
2013-03-01,F-15D,137.77619829948168,23.28838227881676,18192.079165841278,187.36243735854504,160.38597703938618,51.61253570319703,719.3873074102457,0.14459033882682581
2013-04-01,F-15D,131.4702399334975,20.040263952402693,18507.85176820002,188.281394939865,160.13494459796695,46.49148788093185,709.9330892774766,0.13226979937638284
2013-05-01,F-15D,130.12472161657644,18.234935102343634,18676.56492357394,185.12328563614358,159.88013531752347,45.94779016721876,738.435903582349,0.1229103349631717
2013-06-01,F-15D,136.4213581523814,22.929386484273213,19444.472944969708,186.69762683492073,160.1455594694433,47.23493353022142,747.7640879084163,0.14389255937621068
2013-07-01,F-15D,118.48443619417836,20.25585370442343,17537.29338633607,187.2662009163959,160.3698591229927,47.11775405326486,844.0424386324734,0.14599835216740142
2013-08-01,F-15D,124.04536403732075,19.09376556907775,17338.71276000306,188.66541997336313,159.92806869613193,46.96707460045554,782.9876549184048,0.1333930534688974
2013-09-01,F-15D,122.60174131084565,19.96535412128494,18076.94625314278,177.69023092502835,160.41974091450882,49.79723004206034,778.7499173198403,0.1400418102141212
2013-10-01,F-15D,118.6768245364519,21.615847516621983,18327.30132670331,185.32756893204777,159.66638672369223,48.951544023002015,842.8347340577585,0.15407681100011072
2013-11-01,F-15D,124.24956063824752,22.266420476583306,17274.455555934026,186.93931532141318,160.09067746554564,48.526879928940666,857.8836102352112,0.15197264016634582
2013-12-01,F-15D,116.24455443235995,21.311980295608162,17775.33238528864,181.83033069396515,160.02026664522424,46.44871979350588,885.5666469102074,0.15493251802071598
2014-01-01,F-15D,122.93245378389015,21.50290650572872,19803.69931484301,181.76794981835192,159.47961655091885,46.7185741886651,905.6619675835591,0.1488756386428609
2014-02-01,F-15D,121.30891789159115,21.781136538430953,20048.90119928023,178.34611021913815,159.62067089164682,46.661278303380776,862.3679460046075,0.15221977953109922
2014-03-01,F-15D,118.4597323796873,22.128118503423067,18490.475444384592,175.1098956710944,159.71667313647907,43.79411332837568,939.1511872221151,0.15739708918248674
2014-04-01,F-15D,122.35224991678952,22.624684905367648,19031.671354582628,187.46422222993422,159.46708970834612,45.476310616422055,928.7221822885288,0.1560571337304192
2014-05-01,F-15D,117.7399814699476,22.57266569259972,19383.25838534949,182.14040709877605,160.11744881120444,47.80493559302946,915.4605068681927,0.16087406337969
2014-06-01,F-15D,106.93708708783096,22.708445539828226,17713.966160733675,171.60703370829964,160.0994625085401,44.79191739142371,879.1637034660935,0.17515794859701553
2014-07-01,F-15D,109.01405434117281,20.081160150221326,18356.56650487902,179.5454118533971,159.8373988289422,46.89879070853174,844.966640010158,0.1555530948946213
2014-08-01,F-15D,107.93284294650404,23.261929610322426,18385.92375543876,169.31247435083392,160.17301250846302,43.823686110669385,922.1659753800957,0.1773083573146683
2014-09-01,F-15D,106.59729736223811,25.694943240334016,17561.177614374268,174.30772912633205,160.13964903224988,44.5363936243432,835.1409774514971,0.1942286495662727
2014-10-01,F-15D,107.04134979537774,23.46325011564862,18249.665927869177,179.3663895314894,160.02834099754588,42.822615347038905,814.579180896684,0.17978868278700577
2014-11-01,F-15D,109.744969162433,23.311610594714953,18603.98302478046,173.09677512051184,159.76426111918516,44.67923592878116,802.8212466780219,0.17520073518545878
2014-12-01,F-15D,103.56482967317595,23.74446193374134,18072.395424797887,176.36532886772434,159.8069316625148,43.44433841339539,830.7616282253655,0.1865100467847643
2015-01-01,F-15D,102.23798014588527,22.11582596826653,17753.0637063053,175.10205013434478,160.51783971240084,43.77098412074446,819.8114472420813,0.1778459916857317
2015-02-01,F-15D,101.26417344153515,22.932307245540656,17458.458099177402,171.87560266016,159.83986121810224,40.2723604308156,721.8884594598912,0.18464538704056088
2015-03-01,F-15D,107.38967193719895,26.82740750224581,19377.32027960192,168.29977457907907,159.5377796511208,43.94925327201899,700.6997003391036,0.19988072765619694
2015-04-01,F-15D,103.31347193380242,25.56519780647843,19353.268838286695,171.73279800079993,160.57734881110378,44.34595403275215,694.9956915366876,0.19836640041364473
2015-05-01,F-15D,102.20159072467747,27.31952111769974,17747.016725556474,177.31532905119101,160.14798033815174,40.23870678897272,678.5073420927263,0.2109271664602962
2015-06-01,F-15D,97.89584631833432,27.269281505971303,17583.309268524747,169.72044249054602,160.32881926991715,43.16563066341859,697.2382698424686,0.21786644555062662
2015-07-01,F-15D,93.92302630977123,24.248728627813055,16775.621336936794,169.5613468801231,160.2358597805959,44.36079192971721,645.3606458508127,0.205199022732807
2015-08-01,F-15D,94.50012549426202,28.248253789843243,16915.760890450674,165.6507469298262,160.47261299483065,44.96524667690569,697.9135315258891,0.23013137896070876
2015-09-01,F-15D,86.10675496056581,23.978993528702883,16237.057209743003,165.82898407388763,159.764979683831,42.70452245057837,615.8910708373719,0.21782105184160497
2015-10-01,F-15D,99.03737926437435,30.366585174463662,18509.62325258094,160.80586087290285,160.1716727260562,48.76492145867811,565.3286055452471,0.23466502982461748
2015-11-01,F-15D,87.90193462849396,24.977638246111134,15418.694550313834,161.42953094531495,159.60334121017377,38.772042742084636,553.9662435392255,0.22127686710737404
2015-12-01,F-15D,92.5940093312932,29.967818733864203,17946.408513484053,160.11103345507473,160.34224383680842,41.204051837024494,589.6507667400705,0.24451184522094796
2016-01-01,F-15D,90.03823043755622,29.84115704843777,17031.82887832426,163.27637097695143,159.75473248050102,42.08788120135082,579.1135259771104,0.24892650583424306
2016-02-01,F-15D,87.90206824279744,29.000492693224626,17426.681295942002,161.07888665798467,160.02358530085954,42.74823023750618,525.3907839844767,0.24807405809609157
2016-03-01,F-15D,92.85024682766428,30.483164926522175,17724.957908616227,163.48357899903485,159.87733027293737,40.004721658320946,519.1207782989102,0.24716063954573486
2016-04-01,F-15D,91.17033960728983,31.037775579192353,17569.174926408832,163.8464270983828,160.56637719145883,41.62596031448343,531.0958023348744,0.25397475062789887
2016-05-01,F-15D,91.05332438251678,36.089209769251916,18925.7460147883,151.2444531016394,159.69407194438557,41.360662677838576,537.1057559831293,0.2838484383689616
2016-06-01,F-15D,83.43008781487848,29.7240151837477,16229.6787791764,155.73379939839586,160.2695665840428,43.00048549010551,528.8928489347992,0.2626861456725841
2016-07-01,F-15D,80.82942257375866,30.58155811957313,16590.722330923876,158.44936186579955,160.35345545584516,42.59692078954054,472.7400470456477,0.27449321358862705
2016-08-01,F-15D,84.97678376892053,30.916652673445704,16922.133703884607,154.0309277883717,159.77478261452046,42.92153229458059,425.5460790537557,0.26676793460016646
2016-09-01,F-15D,80.42913591602904,31.60928867060869,16445.86447969505,160.29595850873002,160.48001418439588,43.907360285708876,526.2286251925004,0.2821289998251062
2008-04-01,F-4,0.0,0.0,0.0,190.0,160.0,0.0,925.3480454542336,0.0
2008-05-01,F-4,0.0,0.0,0.0,189.42505133470226,160.0,0.0,958.3222104649818,0.0
2008-06-01,F-4,0.0,0.0,0.0,188.8309377138946,160.0,0.0,1000.0169773599233,0.0
2008-07-01,F-4,0.0,0.0,0.0,188.25598904859686,160.0,0.0,874.0003218578034,0.0
2008-08-01,F-4,0.0,0.0,0.0,187.6618754277892,160.0,0.0,1003.8179229191819,0.0
2008-09-01,F-4,0.0,0.0,0.0,187.0677618069815,160.0,0.0,954.5908423031082,0.0
2008-10-01,F-4,0.0,0.0,0.0,186.49281314168377,160.0,0.0,833.8831210327879,0.0
2008-11-01,F-4,0.0,0.0,0.0,185.8986995208761,160.0,0.0,869.2953881493279,0.0
2008-12-01,F-4,0.0,0.0,0.0,185.32375085557837,160.0,0.0,946.687884793981,0.0
2009-01-01,F-4,0.0,0.0,0.0,184.7296372347707,160.0,0.0,1049.6971972717363,0.0
2009-02-01,F-4,0.0,0.0,0.0,184.13552361396304,160.0,0.0,1033.4795063891277,0.0
2009-03-01,F-4,0.0,0.0,0.0,183.59890485968515,160.0,0.0,1044.561005638304,0.0
2009-04-01,F-4,0.0,0.0,0.0,183.0047912388775,160.0,0.0,1156.8177810372338,0.0
2009-05-01,F-4,0.0,0.0,0.0,182.42984257357975,160.0,0.0,968.2973512837482,0.0
2009-06-01,F-4,0.0,0.0,0.0,181.8357289527721,160.0,0.0,1046.1609755271722,0.0
2009-07-01,F-4,0.0,0.0,0.0,181.26078028747435,160.0,0.0,1067.870514990655,0.0
2009-08-01,F-4,0.0,0.0,0.0,180.66666666666666,160.0,0.0,1005.7596534639257,0.0
2009-09-01,F-4,0.0,0.0,0.0,180.072553045859,160.0,0.0,1050.4133556355553,0.0
2009-10-01,F-4,0.0,0.0,0.0,179.49760438056126,160.0,0.0,950.0661762464008,0.0
2009-11-01,F-4,0.0,0.0,0.0,178.9034907597536,160.0,0.0,1126.4294907658757,0.0
2009-12-01,F-4,0.0,0.0,0.0,178.32854209445586,160.0,0.0,995.4464242127443,0.0
2010-01-01,F-4,0.0,0.0,0.0,177.7344284736482,160.0,0.0,1151.1628080294022,0.0
2010-02-01,F-4,0.0,0.0,0.0,177.14031485284053,160.0,0.0,1018.9259860576395,0.0
2010-03-01,F-4,0.0,0.0,0.0,176.60369609856264,160.0,0.0,1073.887184966682,0.0
2010-04-01,F-4,0.0,0.0,0.0,176.00958247775498,160.0,0.0,998.3028668131343,0.0
2010-05-01,F-4,0.0,0.0,0.0,175.4346338124572,160.0,0.0,988.2959034921181,0.0
2010-06-01,F-4,0.0,0.0,0.0,174.84052019164955,160.0,0.0,942.4417443181712,0.0
2010-07-01,F-4,0.0,0.0,0.0,174.2655715263518,160.0,0.0,971.6161891020516,0.0
2010-08-01,F-4,0.0,0.0,0.0,173.67145790554414,160.0,0.0,969.4442121138055,0.0
2010-09-01,F-4,0.0,0.0,0.0,173.07734428473648,160.0,0.0,888.6823384140519,0.0
2010-10-01,F-4,0.0,0.0,0.0,172.50239561943874,160.0,0.0,913.7263196346781,0.0
2010-11-01,F-4,0.0,0.0,0.0,171.90828199863108,160.0,0.0,869.4157417497922,0.0
2010-12-01,F-4,0.0,0.0,0.0,171.33333333333334,160.0,0.0,1029.2237226627535,0.0
2011-01-01,F-4,0.0,0.0,0.0,170.73921971252565,160.0,0.0,870.6806035537564,0.0
2011-02-01,F-4,0.0,0.0,0.0,170.145106091718,160.0,0.0,953.847019630186,0.0
2011-03-01,F-4,0.0,0.0,0.0,169.60848733744012,160.0,0.0,836.2513796515477,0.0
2011-04-01,F-4,0.0,0.0,0.0,169.01437371663243,160.0,0.0,849.5108439229133,0.0
2011-05-01,F-4,0.0,0.0,0.0,168.4394250513347,160.0,0.0,741.739659535114,0.0
2011-06-01,F-4,0.0,0.0,0.0,167.84531143052703,160.0,0.0,781.640778715116,0.0
2011-07-01,F-4,0.0,0.0,0.0,167.2703627652293,160.0,0.0,809.8478924409794,0.0
2011-08-01,F-4,0.0,0.0,0.0,166.67624914442163,160.0,0.0,881.8010707393346,0.0
2011-09-01,F-4,0.0,0.0,0.0,166.08213552361397,160.0,0.0,790.5596975389906,0.0
2011-10-01,F-4,0.0,0.0,0.0,165.50718685831623,160.0,0.0,852.3775576251503,0.0
2011-11-01,F-4,0.0,0.0,0.0,164.91307323750857,160.0,0.0,800.9818473457431,0.0
2011-12-01,F-4,0.0,0.0,0.0,164.3381245722108,160.0,0.0,854.9416818475429,0.0
2012-01-01,F-4,0.0,0.0,0.0,163.74401095140314,160.0,0.0,749.7955631799609,0.0
2012-02-01,F-4,0.0,0.0,0.0,163.14989733059548,160.0,0.0,894.3119666018251,0.0
2012-03-01,F-4,0.0,0.0,0.0,162.59411362080766,160.0,0.0,720.8914295444048,0.0
2012-04-01,F-4,0.0,0.0,0.0,162.0,160.0,0.0,704.5875986227637,0.0
2012-05-01,F-4,0.0,0.0,0.0,161.42505133470226,160.0,0.0,679.9888762334116,0.0
2012-06-01,F-4,0.0,0.0,0.0,160.8309377138946,160.0,0.0,896.040325279754,0.0
2012-07-01,F-4,0.0,0.0,0.0,160.25598904859686,160.0,0.0,810.2365150861265,0.0
2012-08-01,F-4,0.0,0.0,0.0,159.6618754277892,160.0,0.0,747.4923251258512,0.0
2012-09-01,F-4,0.0,0.0,0.0,159.0677618069815,160.0,0.0,850.323667406426,0.0
2012-10-01,F-4,0.0,0.0,0.0,158.49281314168377,160.0,0.0,825.4642402890365,0.0
2012-11-01,F-4,0.0,0.0,0.0,157.8986995208761,160.0,0.0,912.4645151002597,0.0
2012-12-01,F-4,0.0,0.0,0.0,157.32375085557837,160.0,0.0,712.6312665577324,0.0
2013-01-01,F-4,0.0,0.0,0.0,156.7296372347707,160.0,0.0,801.9131317670392,0.0
2013-02-01,F-4,0.0,0.0,0.0,156.13552361396304,160.0,0.0,803.2685228074673,0.0
2013-03-01,F-4,0.0,0.0,0.0,155.59890485968515,160.0,0.0,725.126367675494,0.0
2013-04-01,F-4,0.0,0.0,0.0,155.0047912388775,160.0,0.0,921.589025573903,0.0
2013-05-01,F-4,0.0,0.0,0.0,154.42984257357975,160.0,0.0,856.1187607659372,0.0
2013-06-01,F-4,0.0,0.0,0.0,153.83572895277206,160.0,0.0,931.8530742991031,0.0
2013-07-01,F-4,0.0,0.0,0.0,153.26078028747435,160.0,0.0,1043.8312287782198,0.0
2013-08-01,F-4,0.0,0.0,0.0,152.66666666666669,160.0,0.0,896.2877592179175,0.0
2013-09-01,F-4,0.0,0.0,0.0,152.072553045859,160.0,0.0,907.2694813064192,0.0
2013-10-01,F-4,0.0,0.0,0.0,151.49760438056126,160.0,0.0,953.9095866566714,0.0
2013-11-01,F-4,0.0,0.0,0.0,150.9034907597536,160.0,0.0,1020.2719753689404,0.0
2013-12-01,F-4,0.0,0.0,0.0,150.32854209445586,160.0,0.0,940.2213087667178,0.0
2014-01-01,F-4,0.0,0.0,0.0,149.7344284736482,160.0,0.0,949.2345843476651,0.0
2014-02-01,F-4,0.0,0.0,0.0,149.1403148528405,160.0,0.0,1062.489196523311,0.0
2014-03-01,F-4,0.0,0.0,0.0,148.60369609856264,160.0,0.0,1031.7046117762402,0.0
2014-04-01,F-4,0.0,0.0,0.0,148.00958247775498,160.0,0.0,896.2164214749394,0.0
2014-05-01,F-4,0.0,0.0,0.0,147.4346338124572,160.0,0.0,953.7983261155255,0.0
2014-06-01,F-4,0.0,0.0,0.0,146.84052019164955,160.0,0.0,1124.799218203028,0.0
2014-07-01,F-4,0.0,0.0,0.0,146.2655715263518,160.0,0.0,1064.6763958891509,0.0
2014-08-01,F-4,0.0,0.0,0.0,145.67145790554414,160.0,0.0,999.425189934202,0.0
2014-09-01,F-4,0.0,0.0,0.0,145.07734428473648,160.0,0.0,1038.0241977257751,0.0
2014-10-01,F-4,0.0,0.0,0.0,144.50239561943874,160.0,0.0,1050.5723658010625,0.0
2014-11-01,F-4,0.0,0.0,0.0,143.90828199863108,160.0,0.0,1093.9751297846858,0.0
2014-12-01,F-4,0.0,0.0,0.0,143.33333333333331,160.0,0.0,966.9079333019798,0.0
2015-01-01,F-4,0.0,0.0,0.0,142.73921971252565,160.0,0.0,994.9587626714505,0.0
2015-02-01,F-4,0.0,0.0,0.0,142.145106091718,160.0,0.0,1057.2979328946496,0.0
2015-03-01,F-4,0.0,0.0,0.0,141.60848733744012,160.0,0.0,1029.6134632084315,0.0
2015-04-01,F-4,0.0,0.0,0.0,141.01437371663246,160.0,0.0,1062.6929320222487,0.0
2015-05-01,F-4,0.0,0.0,0.0,140.4394250513347,160.0,0.0,946.3540173739314,0.0
2015-06-01,F-4,0.0,0.0,0.0,139.84531143052703,160.0,0.0,1031.7961042213074,0.0
2015-07-01,F-4,0.0,0.0,0.0,139.2703627652293,160.0,0.0,1065.3317968254157,0.0
2015-08-01,F-4,0.0,0.0,0.0,138.67624914442163,160.0,0.0,1017.1464319412631,0.0
2015-09-01,F-4,0.0,0.0,0.0,138.08213552361397,160.0,0.0,983.473175154912,0.0
2015-10-01,F-4,0.0,0.0,0.0,137.50718685831623,160.0,0.0,956.2330910355277,0.0
2015-11-01,F-4,0.0,0.0,0.0,136.91307323750857,160.0,0.0,897.6861042985979,0.0
2015-12-01,F-4,0.0,0.0,0.0,136.3381245722108,160.0,0.0,929.2336642145515,0.0
2016-01-01,F-4,0.0,0.0,0.0,135.74401095140314,160.0,0.0,994.0976981117013,0.0
2016-02-01,F-4,0.0,0.0,0.0,135.14989733059548,160.0,0.0,896.1435095245017,0.0
2016-03-01,F-4,0.0,0.0,0.0,134.59411362080766,160.0,0.0,835.6155351551586,0.0
2016-04-01,F-4,0.0,0.0,0.0,134.0,160.0,0.0,844.3161574906298,0.0
2016-05-01,F-4,0.0,0.0,0.0,133.42505133470226,160.0,0.0,871.4944573147245,0.0
2016-06-01,F-4,0.0,0.0,0.0,132.83093771389457,160.0,0.0,822.5599796318592,0.0
2016-07-01,F-4,0.0,0.0,0.0,132.25598904859686,160.0,0.0,860.6247881543095,0.0
2016-08-01,F-4,0.0,0.0,0.0,131.6618754277892,160.0,0.0,849.6641101798175,0.0
2016-09-01,F-4,0.0,0.0,0.0,131.06776180698154,160.0,0.0,859.2661800832918,0.0
2009-07-01,F-5,0.0,0.0,0.0,190.0,160.0,0.0,1111.6342160570864,0.0
2009-08-01,F-5,0.0,0.0,0.0,189.40588637919234,160.0,0.0,1093.5581393183686,0.0
2009-09-01,F-5,0.0,0.0,0.0,188.81177275838468,160.0,0.0,983.9514601321496,0.0
2009-10-01,F-5,0.0,0.0,0.0,188.23682409308694,160.0,0.0,990.4119232665627,0.0
2009-11-01,F-5,0.0,0.0,0.0,187.64271047227925,160.0,0.0,1043.3746266543585,0.0
2009-12-01,F-5,0.0,0.0,0.0,187.0677618069815,160.0,0.0,1022.5815173634904,0.0
2010-01-01,F-5,0.0,0.0,0.0,186.47364818617385,160.0,0.0,981.6151208829887,0.0
2010-02-01,F-5,0.0,0.0,0.0,185.87953456536619,160.0,0.0,1022.1221771128858,0.0
2010-03-01,F-5,0.0,0.0,0.0,185.3429158110883,160.0,0.0,1017.6621555840746,0.0
2010-04-01,F-5,0.0,0.0,0.0,184.74880219028063,160.0,0.0,1001.6241881908281,0.0
2010-05-01,F-5,0.0,0.0,0.0,184.1738535249829,160.0,0.0,1017.5240473042991,0.0
2010-06-01,F-5,0.0,0.0,0.0,183.57973990417523,160.0,0.0,1100.1417824277848,0.0
2010-07-01,F-5,0.0,0.0,0.0,183.0047912388775,160.0,0.0,1033.3012074035062,0.0
2010-08-01,F-5,0.0,0.0,0.0,182.41067761806983,160.0,0.0,1160.0616582107177,0.0
2010-09-01,F-5,0.0,0.0,0.0,181.81656399726216,160.0,0.0,1011.2315773730526,0.0
2010-10-01,F-5,0.0,0.0,0.0,181.2416153319644,160.0,0.0,972.1940513342432,0.0
2010-11-01,F-5,0.0,0.0,0.0,180.64750171115674,160.0,0.0,977.150476130178,0.0
2010-12-01,F-5,0.0,0.0,0.0,180.072553045859,160.0,0.0,979.2457759316816,0.0
2011-01-01,F-5,0.0,0.0,0.0,179.47843942505133,160.0,0.0,975.8407359234591,0.0
2011-02-01,F-5,0.0,0.0,0.0,178.88432580424367,160.0,0.0,1059.6820611831572,0.0
2011-03-01,F-5,0.0,0.0,0.0,178.34770704996578,160.0,0.0,870.8146196624218,0.0
2011-04-01,F-5,0.0,0.0,0.0,177.75359342915812,160.0,0.0,957.8721842162231,0.0
2011-05-01,F-5,0.0,0.0,0.0,177.17864476386038,160.0,0.0,904.0164155767835,0.0
2011-06-01,F-5,0.0,0.0,0.0,176.58453114305271,160.0,0.0,782.1026970108863,0.0
2011-07-01,F-5,0.0,0.0,0.0,176.00958247775498,160.0,0.0,908.149038660118,0.0
2011-08-01,F-5,0.0,0.0,0.0,175.41546885694729,160.0,0.0,923.4110869691443,0.0
2011-09-01,F-5,0.0,0.0,0.0,174.82135523613962,160.0,0.0,781.9152804537031,0.0
2011-10-01,F-5,0.0,0.0,0.0,174.24640657084188,160.0,0.0,819.9101953419764,0.0
2011-11-01,F-5,0.0,0.0,0.0,173.65229295003422,160.0,0.0,704.4079900941558,0.0
2011-12-01,F-5,0.0,0.0,0.0,173.07734428473648,160.0,0.0,721.1949463779988,0.0
2012-01-01,F-5,0.0,0.0,0.0,172.48323066392882,160.0,0.0,849.0800111778509,0.0
2012-02-01,F-5,0.0,0.0,0.0,171.88911704312116,160.0,0.0,748.8675972095433,0.0
2012-03-01,F-5,0.0,0.0,0.0,171.33333333333334,160.0,0.0,702.7354556416794,0.0
2012-04-01,F-5,0.0,0.0,0.0,170.73921971252565,160.0,0.0,776.2318615976383,0.0
2012-05-01,F-5,0.0,0.0,0.0,170.16427104722794,160.0,0.0,725.8960228586062,0.0
2012-06-01,F-5,0.0,0.0,0.0,169.57015742642025,160.0,0.0,725.0501374636026,0.0
2012-07-01,F-5,0.0,0.0,0.0,168.9952087611225,160.0,0.0,795.2921437148551,0.0
2012-08-01,F-5,0.0,0.0,0.0,168.40109514031485,160.0,0.0,680.3030836697885,0.0
2012-09-01,F-5,0.0,0.0,0.0,167.8069815195072,160.0,0.0,696.3142112856161,0.0
2012-10-01,F-5,0.0,0.0,0.0,167.23203285420945,160.0,0.0,761.9637775437133,0.0
2012-11-01,F-5,0.0,0.0,0.0,166.6379192334018,160.0,0.0,814.5373807394017,0.0
2012-12-01,F-5,0.0,0.0,0.0,166.06297056810405,160.0,0.0,835.6161758681513,0.0
2013-01-01,F-5,0.0,0.0,0.0,165.4688569472964,160.0,0.0,727.9551833643658,0.0
2013-02-01,F-5,0.0,0.0,0.0,164.8747433264887,160.0,0.0,832.0033520484748,0.0
2013-03-01,F-5,0.0,0.0,0.0,164.3381245722108,160.0,0.0,736.9586321190527,0.0
2013-04-01,F-5,0.0,0.0,0.0,163.74401095140314,160.0,0.0,903.850705793549,0.0
2013-05-01,F-5,0.0,0.0,0.0,163.1690622861054,160.0,0.0,737.2359746481875,0.0
2013-06-01,F-5,0.0,0.0,0.0,162.57494866529774,160.0,0.0,897.2859514017198,0.0
2013-07-01,F-5,0.0,0.0,0.0,162.0,160.0,0.0,790.920506678813,0.0
2013-08-01,F-5,0.0,0.0,0.0,161.40588637919234,160.0,0.0,964.9704870610562,0.0
2013-09-01,F-5,0.0,0.0,0.0,160.81177275838468,160.0,0.0,894.0995366765586,0.0
2013-10-01,F-5,0.0,0.0,0.0,160.23682409308694,160.0,0.0,812.0478422444695,0.0
2013-11-01,F-5,0.0,0.0,0.0,159.64271047227925,160.0,0.0,856.8162704826655,0.0
2013-12-01,F-5,0.0,0.0,0.0,159.0677618069815,160.0,0.0,949.7933019988939,0.0
2014-01-01,F-5,0.0,0.0,0.0,158.47364818617385,160.0,0.0,981.3138651585324,0.0
2014-02-01,F-5,0.0,0.0,0.0,157.87953456536619,160.0,0.0,928.9568734019625,0.0
2014-03-01,F-5,0.0,0.0,0.0,157.3429158110883,160.0,0.0,949.1764948836242,0.0
2014-04-01,F-5,0.0,0.0,0.0,156.74880219028063,160.0,0.0,1006.256832522677,0.0
2014-05-01,F-5,0.0,0.0,0.0,156.1738535249829,160.0,0.0,981.8641831400897,0.0
2014-06-01,F-5,0.0,0.0,0.0,155.57973990417523,160.0,0.0,909.2310316396017,0.0
2014-07-01,F-5,0.0,0.0,0.0,155.0047912388775,160.0,0.0,949.6766318637912,0.0
2014-08-01,F-5,0.0,0.0,0.0,154.41067761806983,160.0,0.0,1023.5579179568713,0.0
2014-09-01,F-5,0.0,0.0,0.0,153.81656399726216,160.0,0.0,1092.2409603642727,0.0
2014-10-01,F-5,0.0,0.0,0.0,153.2416153319644,160.0,0.0,1124.6377320648633,0.0
2014-11-01,F-5,0.0,0.0,0.0,152.64750171115674,160.0,0.0,1081.793373567644,0.0
2014-12-01,F-5,0.0,0.0,0.0,152.072553045859,160.0,0.0,1058.0332917308915,0.0
2015-01-01,F-5,0.0,0.0,0.0,151.47843942505133,160.0,0.0,1090.255094102288,0.0
2015-02-01,F-5,0.0,0.0,0.0,150.88432580424367,160.0,0.0,1008.3454544843664,0.0
2015-03-01,F-5,0.0,0.0,0.0,150.34770704996578,160.0,0.0,1040.5672470477025,0.0
2015-04-01,F-5,0.0,0.0,0.0,149.75359342915812,160.0,0.0,1000.397580274503,0.0
2015-05-01,F-5,0.0,0.0,0.0,149.17864476386038,160.0,0.0,973.5236826601915,0.0
2015-06-01,F-5,0.0,0.0,0.0,148.58453114305271,160.0,0.0,1065.5039106177694,0.0
2015-07-01,F-5,0.0,0.0,0.0,148.00958247775498,160.0,0.0,1052.3237614538443,0.0
2015-08-01,F-5,0.0,0.0,0.0,147.41546885694729,160.0,0.0,1076.5716345199996,0.0
2015-09-01,F-5,0.0,0.0,0.0,146.82135523613962,160.0,0.0,1060.7963307586278,0.0
2015-10-01,F-5,0.0,0.0,0.0,146.24640657084188,160.0,0.0,1034.2760730677528,0.0
2015-11-01,F-5,0.0,0.0,0.0,145.65229295003422,160.0,0.0,1043.305368833165,0.0
2015-12-01,F-5,0.0,0.0,0.0,145.07734428473648,160.0,0.0,996.7690516882699,0.0
2016-01-01,F-5,0.0,0.0,0.0,144.48323066392882,160.0,0.0,1012.1609479564712,0.0
2016-02-01,F-5,0.0,0.0,0.0,143.88911704312113,160.0,0.0,930.9705378002637,0.0
2016-03-01,F-5,0.0,0.0,0.0,143.33333333333331,160.0,0.0,984.0001283246113,0.0
2016-04-01,F-5,0.0,0.0,0.0,142.73921971252565,160.0,0.0,987.7070184493562,0.0
2016-05-01,F-5,0.0,0.0,0.0,142.16427104722794,160.0,0.0,893.1925466445476,0.0
2016-06-01,F-5,0.0,0.0,0.0,141.57015742642025,160.0,0.0,921.4418672255161,0.0
2016-07-01,F-5,0.0,0.0,0.0,140.9952087611225,160.0,0.0,866.1769965333415,0.0
2016-08-01,F-5,0.0,0.0,0.0,140.40109514031485,160.0,0.0,856.7376923981052,0.0
2016-09-01,F-5,0.0,0.0,0.0,139.8069815195072,160.0,0.0,805.6882483117797,0.0
